{
  "total_videos": 160,
  "valid_videos": 160,
  "stages_evaluated": [
    1,
    2,
    3
  ],
  "stage1_avg": 0.55,
  "stage2_avg": 0.2625,
  "stage3_avg": 0.7855000000000001,
  "overall_avg": 0.1313125,
  "per_category": {
    "Force": 0.104125,
    "Light": 0.1467,
    "Heat": 0.11133333333333333,
    "Physical Properties": 0.22,
    "Chemical Properties": 0.04466666666666667
  }
}