{
  "config": {
    "layer": 20,
    "timestep": 200
  },
  "fisher": {
    "global": 0.004046869929879904,
    "conditional": 0.010783831753336475,
    "confounding_ratio": -1.6647339648142583,
    "per_source": {
      "gen2": {
        "fisher": 0.012734046205878258,
        "n_total": 477,
        "n_pos": 128,
        "n_neg": 349,
        "pos_rate": 0.26834381551362685
      },
      "lavie": {
        "fisher": 0.017023546621203423,
        "n_total": 528,
        "n_pos": 250,
        "n_neg": 278,
        "pos_rate": 0.4734848484848485
      },
      "opensora": {
        "fisher": 0.011489473283290863,
        "n_total": 610,
        "n_pos": 260,
        "n_neg": 350,
        "pos_rate": 0.4262295081967213
      },
      "pika": {
        "fisher": 0.006817067041993141,
        "n_total": 376,
        "n_pos": 152,
        "n_neg": 224,
        "pos_rate": 0.40425531914893614
      },
      "svd": {
        "fisher": 0.009121337905526161,
        "n_total": 492,
        "n_pos": 170,
        "n_neg": 322,
        "pos_rate": 0.34552845528455284
      },
      "vc2": {
        "fisher": 0.004971018992364407,
        "n_total": 468,
        "n_pos": 228,
        "n_neg": 240,
        "pos_rate": 0.48717948717948717
      },
      "zeroscope": {
        "fisher": 0.011395896784961224,
        "n_total": 612,
        "n_pos": 324,
        "n_neg": 288,
        "pos_rate": 0.5294117647058824
      }
    }
  },
  "auc": {
    "global": {
      "auc_mean": 0.6516552439169724,
      "auc_std": 0.014157340044055474,
      "mlp_auc_mean": 0.6193712893602772,
      "mlp_auc_std": 0.027340642224483555,
      "n": 3563
    },
    "gen2": {
      "auc_mean": 0.6115683389074693,
      "auc_std": 0.024205149113599167,
      "mlp_auc_mean": 0.537261729574773,
      "mlp_auc_std": 0.053651202292893475,
      "n": 477
    },
    "lavie": {
      "auc_mean": 0.7117519480519481,
      "auc_std": 0.053744938596040806,
      "mlp_auc_mean": 0.6010519480519481,
      "mlp_auc_std": 0.056595481035187925,
      "n": 528
    },
    "opensora": {
      "auc_mean": 0.5967582417582418,
      "auc_std": 0.020780856098718072,
      "mlp_auc_mean": 0.5621978021978022,
      "mlp_auc_std": 0.04355191974876286,
      "n": 610
    },
    "pika": {
      "auc_mean": 0.5341177365048333,
      "auc_std": 0.06628784322729069,
      "mlp_auc_mean": 0.5349349408059085,
      "mlp_auc_std": 0.06176860992773158,
      "n": 376
    },
    "svd": {
      "auc_mean": 0.5790596719457014,
      "auc_std": 0.04934209563335932,
      "mlp_auc_mean": 0.5347553733031675,
      "mlp_auc_std": 0.09330891910069532,
      "n": 492
    },
    "vc2": {
      "auc_mean": 0.6310748792270531,
      "auc_std": 0.03289215885708721,
      "mlp_auc_mean": 0.5509380032206119,
      "mlp_auc_std": 0.027097356224905736,
      "n": 468
    },
    "zeroscope": {
      "auc_mean": 0.6129169720554702,
      "auc_std": 0.052364345218111036,
      "mlp_auc_mean": 0.5219081128717018,
      "mlp_auc_std": 0.05824875095933781,
      "n": 612
    }
  },
  "layer_progression": {
    "global": {
      "10": {
        "auc_mean": 0.6463796272513912,
        "auc_std": 0.01713180505217758
      },
      "15": {
        "auc_mean": 0.6507358047961482,
        "auc_std": 0.013796091193766962
      },
      "20": {
        "auc_mean": 0.6506195927049845,
        "auc_std": 0.01326211615838174
      },
      "25": {
        "auc_mean": 0.649973348973195,
        "auc_std": 0.016095397500106495
      }
    },
    "gen2": {
      "10": {
        "auc_mean": 0.6705860805860807,
        "auc_std": 0.02434934905812754
      },
      "15": {
        "auc_mean": 0.6480884854276159,
        "auc_std": 0.05111039821803972
      },
      "20": {
        "auc_mean": 0.6038212454212454,
        "auc_std": 0.019438176621132928
      },
      "25": {
        "auc_mean": 0.6250032170727823,
        "auc_std": 0.04546823471282821
      }
    },
    "lavie": {
      "10": {
        "auc_mean": 0.6762077922077923,
        "auc_std": 0.04701748651066328
      },
      "15": {
        "auc_mean": 0.714225974025974,
        "auc_std": 0.04929536948356816
      },
      "20": {
        "auc_mean": 0.7106311688311688,
        "auc_std": 0.04380891198262092
      },
      "25": {
        "auc_mean": 0.7228350649350649,
        "auc_std": 0.05487640179323879
      }
    },
    "opensora": {
      "10": {
        "auc_mean": 0.6225274725274724,
        "auc_std": 0.03334762001126031
      },
      "15": {
        "auc_mean": 0.6098351648351649,
        "auc_std": 0.04366503947118661
      },
      "20": {
        "auc_mean": 0.6097252747252747,
        "auc_std": 0.01772657251198275
      },
      "25": {
        "auc_mean": 0.5961538461538461,
        "auc_std": 0.02774970068627327
      }
    },
    "pika": {
      "10": {
        "auc_mean": 0.5044859346149668,
        "auc_std": 0.06888573533159668
      },
      "15": {
        "auc_mean": 0.5584826762246117,
        "auc_std": 0.06072729815803058
      },
      "20": {
        "auc_mean": 0.5235787987400891,
        "auc_std": 0.06677930305106125
      },
      "25": {
        "auc_mean": 0.5428717280330184,
        "auc_std": 0.05277422851076209
      }
    },
    "svd": {
      "10": {
        "auc_mean": 0.5687641402714931,
        "auc_std": 0.054632788720090315
      },
      "15": {
        "auc_mean": 0.5840723981900452,
        "auc_std": 0.03191597712350653
      },
      "20": {
        "auc_mean": 0.5837627262443438,
        "auc_std": 0.060085802375722
      },
      "25": {
        "auc_mean": 0.579058257918552,
        "auc_std": 0.06977136786832842
      }
    },
    "vc2": {
      "10": {
        "auc_mean": 0.5967351046698874,
        "auc_std": 0.024821581899114806
      },
      "15": {
        "auc_mean": 0.5951529790660225,
        "auc_std": 0.03951584967156994
      },
      "20": {
        "auc_mean": 0.6325623993558775,
        "auc_std": 0.03153352989708221
      },
      "25": {
        "auc_mean": 0.6156441223832528,
        "auc_std": 0.05460388573929279
      }
    },
    "zeroscope": {
      "10": {
        "auc_mean": 0.6150643497836101,
        "auc_std": 0.026678825105450107
      },
      "15": {
        "auc_mean": 0.6330378042254177,
        "auc_std": 0.05789053252360125
      },
      "20": {
        "auc_mean": 0.6114694582111778,
        "auc_std": 0.05763821065147245
      },
      "25": {
        "auc_mean": 0.6124681086835124,
        "auc_std": 0.06351381982504341
      }
    }
  }
}