{
  "5": {
    "best_auc": 0.6784005468215994,
    "best_epoch": 36
  },
  "10": {
    "best_auc": 0.7876794258373205,
    "best_epoch": 62
  },
  "15": {
    "best_auc": 0.7530011107313739,
    "best_epoch": 17
  },
  "20": {
    "best_auc": 0.7643540669856461,
    "best_epoch": 59
  },
  "25": {
    "best_auc": 0.7393412508544088,
    "best_epoch": 57
  }
}