{
  "10": {
    "best_auc": 0.7086002499152273,
    "best_epoch": 17
  },
  "15": {
    "best_auc": 0.7156377334524833,
    "best_epoch": 8
  },
  "20": {
    "best_auc": 0.7015675904537628,
    "best_epoch": 12
  },
  "25": {
    "best_auc": 0.6884501321703095,
    "best_epoch": 10
  }
}