{
  "vae": {
    "GLOBAL": {
      "auc": 0.6496173044002151,
      "std": 0.023098218502615817,
      "n": 1275
    },
    "cogvideox-2b": {
      "auc": 0.5346656864804313,
      "std": 0.023108757784504146,
      "n": 343
    },
    "cogvideox-5b": {
      "auc": 0.6074454567072343,
      "std": 0.03856949092307957,
      "n": 932
    }
  },
  "cross_source": {
    "cogvideox-2b": {
      "cogvideox-2b": 0.8664624461084638,
      "cogvideox-5b": 0.45145662013131893
    },
    "cogvideox-5b": {
      "cogvideox-2b": 0.4856667423039105,
      "cogvideox-5b": 0.7752916427615222
    }
  }
}