{
  "vae": {
    "GLOBAL": {
      "auc": 0.618231782616893,
      "std": 0.03552416617366796,
      "n": 1000
    },
    "lavie": {
      "auc": 0.5367769641705812,
      "std": 0.06910568620402134,
      "n": 