{
  "vae": {
    "GLOBAL": {
      "auc": 0.656902943184112,
      "std": 0.02671617587939398,
      "n": 1275
    },
    "cogvideox-2b": {
      "auc": 0.5416208079535112,
      "std": 0.030217596862636698,
      "n": 343
    },
    "cogvideox-5b": {
      "auc": 0.5980174652394177,
      "std": 0.03840735508217663,
      "n": 932
    }
  },
  "dit": {
    "GLOBAL": {
      "auc": 0.6571934433605398,
      "std": 0.02765170754982549,
      "n": 1275
    },
    "cogvideox-2b": {
      "auc": 0.5602058391094308,
      "std": 0.08183722869835407,
      "n": 343
    },
    "cogvideox-5b": {
      "auc": 0.6063033936006252,
      "std": 0.02622200561913394,
      "n": 932
    }
  },
  "cross_source": {
    "cogvideox-2b": {
      "cogvideox-2b": 0.9005748430527193,
      "cogvideox-5b": 0.447617086171303
    },
    "cogvideox-5b": {
      "cogvideox-2b": 0.4710309356327056,
      "cogvideox-5b": 0.7959653019893984
    }
  }
}