{
  "total_videos": 160,
  "valid_videos": 160,
  "stages_evaluated": [
    1,
    2,
    3
  ],
  "stage1_avg": 0.534375,
  "stage2_avg": 0.19375,
  "stage3_avg": 0.7855625,
  "overall_avg": 0.1063125,
  "per_category": {
    "Force": 0.10012499999999999,
    "Light": 0.1067,
    "Heat": 0.05,
    "Physical Properties": 0.2468,
    "Chemical Properties": 0.0
  }
}