{
  "total_videos": 160,
  "valid_videos": 160,
  "stages_evaluated": [
    1,
    2,
    3
  ],
  "stage1_avg": 0.54375,
  "stage2_avg": 0.23125,
  "stage3_avg": 0.7856875000000001,
  "overall_avg": 0.12506250000000002,
  "per_category": {
    "Force": 0.079125,
    "Light": 0.13,
    "Heat": 0.13916666666666666,
    "Physical Properties": 0.18,
    "Chemical Properties": 0.11133333333333333
  }
}