{
  "mean": {
    "best_auc": 0.682300186080987,
    "best_epoch": 3
  },
  "causal_simple": {
    "best_auc": 0.6721307340206106,
    "best_epoch": 9
  },
  "temporal_simple": {
    "best_auc": 0.668570164562341,
    "best_epoch": 9
  },
  "multiview_simple": {
    "best_auc": 0.6759590738250607,
    "best_epoch": 6
  }
}