{
  "10": {
    "best_auc": 0.69036434230364,
    "best_epoch": 12
  },
  "15": {
    "best_auc": 0.6793353086247276,
    "best_epoch": 8
  },
  "20": {
    "best_auc": 0.6677086425789778,
    "best_epoch": 4
  },
  "25": {
    "best_auc": 0.6675708766762327,
    "best_epoch": 7
  }
}