{
  "10": {
    "best_auc": 0.6973901749968621,
    "best_epoch": 16
  },
  "15": {
    "best_auc": 0.7078930778727606,
    "best_epoch": 9
  },
  "20": {
    "best_auc": 0.6983694623825126,
    "best_epoch": 5
  },
  "25": {
    "best_auc": 0.682886942397725,
    "best_epoch": 6
  }
}