{
  "total_videos": 160,
  "valid_videos": 160,
  "stages_evaluated": [
    1,
    2,
    3
  ],
  "stage1_avg": 0.540625,
  "stage2_avg": 0.2,
  "stage3_avg": 0.7938125,
  "overall_avg": 0.10831249999999999,
  "per_category": {
    "Force": 0.09575,
    "Light": 0.0667,
    "Heat": 0.2,
    "Physical Properties": 0.1398,
    "Chemical Properties": 0.04466666666666667
  }
}