{
  "10": {
    "best_auc": 0.6779886954345156,
    "best_epoch": 7
  },
  "15": {
    "best_auc": 0.6751150151251438,
    "best_epoch": 7
  },
  "20": {
    "best_auc": 0.6617206767216373,
    "best_epoch": 8
  },
  "25": {
    "best_auc": 0.658736395617104,
    "best_epoch": 8
  }
}