{
  "10": {
    "best_auc": 0.6950503233617985,
    "best_epoch": 10
  },
  "15": {
    "best_auc": 0.6750257583430836,
    "best_epoch": 5
  },
  "20": {
    "best_auc": 0.6704076900538839,
    "best_epoch": 11
  },
  "25": {
    "best_auc": 0.6750121757892918,
    "best_epoch": 8
  }
}