{
  "5": {
    "best_auc": 0.6796073991797675,
    "best_epoch": 24
  },
  "10": {
    "best_auc": 0.7679853041695147,
    "best_epoch": 42
  },
  "15": {
    "best_auc": 0.7441152597402597,
    "best_epoch": 34
  },
  "20": {
    "best_auc": 0.7142109535201641,
    "best_epoch": 32
  },
  "25": {
    "best_auc": 0.6845309295967191,
    "best_epoch": 7
  }
}