{
  "mean": {
    "best_auc": 0.7574974367737526,
    "best_epoch": 32
  },
  "causal_simple": {
    "best_auc": 0.7384441216678059,
    "best_epoch": 29
  },
  "temporal_simple": {
    "best_auc": 0.7775974025974026,
    "best_epoch": 39
  },
  "multiview_simple": {
    "best_auc": 0.7618228810663021,
    "best_epoch": 30
  }
}