{
  "total_videos": 160,
  "valid_videos": 160,
  "stages_evaluated": [
    1,
    2,
    3
  ],
  "stage1_avg": 0.534375,
  "stage2_avg": 0.225,
  "stage3_avg": 0.787625,
  "overall_avg": 0.13546875,
  "per_category": {
    "Force": 0.1375,
    "Light": 0.1534,
    "Heat": 0.12233333333333334,
    "Physical Properties": 0.16,
    "Chemical Properties": 0.05566666666666667
  }
}