{
  "total_videos": 160,
  "valid_videos": 160,
  "stages_evaluated": [
    1,
    2,
    3
  ],
  "stage1_avg": 0.534375,
  "stage2_avg": 0.2125,
  "stage3_avg": 0.7523750000000001,
  "overall_avg": 0.10621875,
  "per_category": {
    "Force": 0.12075,
    "Light": 0.0967,
    "Heat": 0.08333333333333333,
    "Physical Properties": 0.1732,
    "Chemical Properties": 0.03333333333333333
  }
}