{
  "vae": {
    "GLOBAL": {
      "auc": 0.6571545892007749,
      "std": 0.02136769116817765,
      "n": 1275
    },
    "cogvideox-2b": {
      "auc": 0.5428169852271931,
      "std": 0.02022735372555083,
      "n": 343
    },
    "cogvideox-5b": {
      "auc": 0.6026899149094389,
      "std": 0.03824668505133203,
      "n": 932
    }
  },
  "dit": {
    "GLOBAL": {
      "auc": 0.6595251182219785,
      "std": 0.012136193143342758,
      "n": 1275
    },
    "cogvideox-2b": {
      "auc": 0.5849177343695302,
      "std": 0.05117825767113911,
      "n": 343
    },
    "cogvideox-5b": {
      "auc": 0.5926279694079597,
      "std": 0.022784560666517746,
      "n": 932
    }
  }
}