{
  "vae": {
    "GLOBAL": {
      "auc": 0.6535912208335709,
      "std": 0.020400512793255422,
      "n": 1275
    },
    "cogvideox-2b": {
      "auc": 0.5441489883077785,
      "std": 0.023105442009270668,
      "n": 343
    },
    "cogvideox-5b": {
      "auc": 0.5985010771970461,
      "std": 0.029423305764392296,
      "n": 932
    }
  },
  "dit": {
    "GLOBAL": {
      "auc": 0.6673299444830514,
      "std": 0.01479093160100793,
      "n": 1275
    },
    "cogvideox-2b": {
      "auc": 0.5954795911223132,
      "std": 0.05172208139657323,
      "n": 343
    },
    "cogvideox-5b": {
      "auc": 0.607643541769331,
      "std": 0.02224493657043569,
      "n": 932
    }
  }
}