{
  "vae": {
    "GLOBAL": {
      "auc": 0.6547299176722019,
      "std": 0.02452997852334278,
      "n": 1275
    },
    "cogvideox-2b": {
      "auc": 0.5455317510326962,
      "std": 0.03778515397727788,
      "n": 343
    },
    "cogvideox-5b": {
      "auc": 0.6002504564670665,
      "std": 0.03171198433182995,
      "n": 932
    }
  },
  "dit": {
    "GLOBAL": {
      "auc": 0.6618930925082166,
      "std": 0.028791478776872968,
      "n": 1275
    },
    "cogvideox-2b": {
      "auc": 0.6375932927256178,
      "std": 0.055007381436703064,
      "n": 343
    },
    "cogvideox-5b": {
      "auc": 0.6162769425275496,
      "std": 0.014486485976145366,
      "n": 932
    }
  }
}