{
  "vae": {
    "GLOBAL": {
      "auc": 0.6520141542794893,
      "std": 0.026017984796896078,
      "n": 1275
    },
    "cogvideox-2b": {
      "auc": 0.5335811804242806,
      "std": 0.0243848881640251,
      "n": 343
    },
    "cogvideox-5b": {
      "auc": 0.6004433527187292,
      "std": 0.03733963061820777,
      "n": 932
    }
  },
  "dit": {
    "GLOBAL": {
      "auc": 0.639912818513662,
      "std": 0.015549119994827337,
      "n": 1275
    },
    "cogvideox-2b": {
      "auc": 0.5646691871455577,
      "std": 0.07922833842689987,
      "n": 343
    },
    "cogvideox-5b": {
      "auc": 0.59260621791462,
      "std": 0.03761560003265908,
      "n": 932
    }
  }
}