{
  "vae": {
    "GLOBAL": {
      "auc": 0.6547562785924613,
      "std": 0.022796840361437917,
      "n": 1275
    },
    "cogvideox-2b": {
      "auc": 0.55363684099979,
      "std": 0.01845264704093735,
      "n": 343
    },
    "cogvideox-5b": {
      "auc": 0.6088627283891976,
      "std": 0.03381462305947907,
      "n": 932
    }
  },
  "dit": {
    "GLOBAL": {
      "auc": 0.6168347943191816,
      "std": 0.02275611840392432,
      "n": 1275
    },
    "cogvideox-2b": {
      "auc": 0.568787369600224,
      "std": 0.04014345872151072,
      "n": 343
    },
    "cogvideox-5b": {
      "auc": 0.5685865472825162,
      "std": 0.04231776543285617,
      "n": 932
    }
  }
}