{
  "2b_only": {
    "mean": 0.5908058531120913,
    "std": 0.03589114269292579,
    "folds": [
      0.6266540642722117,
      0.5685185185185185,
      0.5685185185185184,
      0.5497584541062802,
      0.6405797101449275
    ]
  },
  "combined": {
    "mean": 0.6350889168942099,
    "std": 0.03452493689062168,
    "folds": [
      0.6937618147448015,
      0.6074074074074074,
      0.6472222222222223,
      0.5951690821256039,
      0.6318840579710145
    ]
  },
  "5b_only": {
    "mean": 0.5480756843800323,
    "std": 0.050256952404724296,
    "folds": [
      0.5217391304347826,
      0.6333333333333333,
      0.49351851851851847,
      0.5748792270531401,
      0.5169082125603864
    ]
  },
  "config": {
    "layer": 10,
    "timestep": 400
  }
}