{
  "2b_only": {
    "mean": 0.6163271021494084,
    "std": 0.05052607206551949,
    "folds": [
      0.6162570888468808,
      0.6398148148148148,
      0.5898148148148148,
      0.693719806763285,
      0.5420289855072464
    ]
  },
  "combined": {
    "mean": 0.5993933347335993,
    "std": 0.04302079926304039,
    "folds": [
      0.6020793950850661,
      0.5537037037037037,
      0.6083333333333334,
      0.6734299516908212,
      0.5594202898550725
    ]
  },
  "5b_only": {
    "mean": 0.5551890359168242,
    "std": 0.06215208724492319,
    "folds": [
      0.47920604914933834,
      0.637962962962963,
      0.4925925925925926,
      0.6077294685990338,
      0.5584541062801932
    ]
  },
  "config": {
    "layer": 10,
    "timestep": 600
  }
}