{
  "vae": {
    "GLOBAL": {
      "auc": 0.6557627856164416,
      "std": 0.018270548415549724,
      "n": 1275
    },
    "cogvideox-2b": {
      "auc": 0.5326286494433943,
      "std": 0.023462313804309798,
      "n": 343
    },
    "cogvideox-5b": {
      "auc": 0.6033373717103683,
      "std": 0.04442220865300818,
      "n": 932
    }
  },
  "dit": {
    "GLOBAL": {
      "auc": 0.6255273771130878,
      "std": 0.02252740855644889,
      "n": 1275
    },
    "cogvideox-2b": {
      "auc": 0.5448547223972555,
      "std": 0.03379465415147285,
      "n": 343
    },
    "cogvideox-5b": {
      "auc": 0.5709680096494084,
      "std": 0.041482748347154645,
      "n": 932
    }
  }
}