{
  "vae": {
    "GLOBAL": {
      "auc": 0.6503136592032863,
      "std": 0.021171880858549347,
      "n": 1275
    },
    "cogvideox-2b": {
      "auc": 0.5318490513197508,
      "std": 0.018742453594825143,
      "n": 343
    },
    "cogvideox-5b": {
      "auc": 0.6004810827831711,
      "std": 0.04594931235063103,
      "n": 932
    }
  },
  "dit": {
    "GLOBAL": {
      "auc": 0.6520597573772209,
      "std": 0.029503623213347915,
      "n": 1275
    },
    "cogvideox-2b": {
      "auc": 0.6098858783168801,
      "std": 0.03530939754892738,
      "n": 343
    },
    "cogvideox-5b": {
      "auc": 0.6071887321571635,
      "std": 0.011760064563704282,
      "n": 932
    }
  }
}