{
  "vae": {
    "GLOBAL": {
      "auc": 0.649779368280916,
      "std": 0.023289491722164636,
      "n": 1275
    },
    "cogvideox-2b": {
      "auc": 0.5317828887488623,
      "std": 0.03343167387722001,
      "n": 343
    },
    "cogvideox-5b": {
      "auc": 0.5948155748520003,
      "std": 0.03825052961035661,
      "n": 932
    }
  },
  "dit": {
    "GLOBAL": {
      "auc": 0.681295056479982,
      "std": 0.021643580914142476,
      "n": 1275
    },
    "cogvideox-2b": {
      "auc": 0.6238181754533361,
      "std": 0.07069303704584365,
      "n": 343
    },
    "cogvideox-5b": {
      "auc": 0.6219533588207702,
      "std": 0.02115743262590187,
      "n": 932
    }
  }
}