{
  "vae": {
    "GLOBAL": {
      "auc": 0.6539013360739979,
      "std": 0.022155954418295213,
      "n": 1275
    },
    "cogvideox-2b": {
      "auc": 0.5386585451235735,
      "std": 0.02540055939871104,
      "n": 343
    },
    "cogvideox-5b": {
      "auc": 0.6090581211999376,
      "std": 0.04987325403820249,
      "n": 932
    }
  },
  "dit": {
    "GLOBAL": {
      "auc": 0.6633537722402929,
      "std": 0.02467259604477293,
      "n": 1275
    },
    "cogvideox-2b": {
      "auc": 0.6039533011272142,
      "std": 0.05240307963968902,
      "n": 343
    },
    "cogvideox-5b": {
      "auc": 0.6040777675187583,
      "std": 0.02435476805552921,
      "n": 932
    }
  }
}