{
  "vae": {
    "GLOBAL": {
      "auc": 0.6584195620586419,
      "std": 0.019852609136597008,
      "n": 1275
    },
    "cogvideox-2b": {
      "auc": 0.5265129874676189,
      "std": 0.015594833068408458,
      "n": 343
    },
    "cogvideox-5b": {
      "auc": 0.5999022220561802,
      "std": 0.03691867760643062,
      "n": 932
    }
  },
  "dit": {
    "GLOBAL": {
      "auc": 0.6654749819334937,
      "std": 0.0334096806514887,
      "n": 1275
    },
    "cogvideox-2b": {
      "auc": 0.6078961002590492,
      "std": 0.0917242223092832,
      "n": 343
    },
    "cogvideox-5b": {
      "auc": 0.6157350468860912,
      "std": 0.012180479712121738,
      "n": 932
    }
  }
}