{
  "vae": {
    "GLOBAL": {
      "auc": 0.6470841598727871,
      "std": 0.025037630756322236,
      "n": 1275
    },
    "cogvideox-2b": {
      "auc": 0.5438976405517048,
      "std": 0.03421050797123877,
      "n": 343
    },
    "cogvideox-5b": {
      "auc": 0.5975084785162492,
      "std": 0.04296057872242213,
      "n": 932
    }
  },
  "dit": {
    "GLOBAL": {
      "auc": 0.6638131376244045,
      "std": 0.025184670914224896,
      "n": 1275
    },
    "cogvideox-2b": {
      "auc": 0.5736431421970174,
      "std": 0.07090742665781301,
      "n": 343
    },
    "cogvideox-5b": {
      "auc": 0.5992555391292642,
      "std": 0.02994436843975051,
      "n": 932
    }
  }
}