{
  "vae": {
    "GLOBAL": {
      "auc": 0.6535315127636594,
      "std": 0.017754452906091508,
      "n": 1275
    },
    "cogvideox-2b": {
      "auc": 0.5176594552965063,
      "std": 0.027474859604193963,
      "n": 343
    },
    "cogvideox-5b": {
      "auc": 0.6073434239388587,
      "std": 0.030477676765262685,
      "n": 932
    }
  },
  "dit": {
    "GLOBAL": {
      "auc": 0.6658075566533281,
      "std": 0.012414910114483639,
      "n": 1275
    },
    "cogvideox-2b": {
      "auc": 0.5832710214940839,
      "std": 0.07425304075905369,
      "n": 343
    },
    "cogvideox-5b": {
      "auc": 0.6082547065475672,
      "std": 0.020395402111831894,
      "n": 932
    }
  }
}