{
  "vae": {
    "GLOBAL": {
      "auc": 0.6529938751076672,
      "std": 0.020050501757337743,
      "n": 1275
    },
    "cogvideox-2b": {
      "auc": 0.5333564377231673,
      "std": 0.032225306174841616,
      "n": 343
    },
    "cogvideox-5b": {
      "auc": 0.603648228895922,
      "std": 0.04929311601968263,
      "n": 932
    }
  },
  "dit": {
    "GLOBAL": {
      "auc": 0.6282722194914875,
      "std": 0.014001187073822915,
      "n": 1275
    },
    "cogvideox-2b": {
      "auc": 0.605964433242316,
      "std": 0.05699019290460972,
      "n": 343
    },
    "cogvideox-5b": {
      "auc": 0.6048568926082283,
      "std": 0.027989401751404068,
      "n": 932
    }
  }
}