{
  "vae": {
    "GLOBAL": {
      "auc": 0.6538535141473456,
      "std": 0.018002137127317908,
      "n": 1275
    },
    "cogvideox-2b": {
      "auc": 0.5248232164111182,
      "std": 0.011854827777721604,
      "n": 343
    },
    "cogvideox-5b": {
      "auc": 0.6013280626879461,
      "std": 0.04177615783250392,
      "n": 932
    }
  },
  "dit": {
    "GLOBAL": {
      "auc": 0.663033157624682,
      "std": 0.014037560118261355,
      "n": 1275
    },
    "cogvideox-2b": {
      "auc": 0.5792358048029126,
      "std": 0.05249691244512631,
      "n": 343
    },
    "cogvideox-5b": {
      "auc": 0.5954015042213197,
      "std": 0.04086589374443592,
      "n": 932
    }
  }
}