{
  "vae": {
    "GLOBAL": {
      "auc": 0.6490516078034981,
      "std": 0.018548064369514405,
      "n": 1275
    },
    "cogvideox-2b": {
      "auc": 0.5467142757123853,
      "std": 0.04599124839852228,
      "n": 343
    },
    "cogvideox-5b": {
      "auc": 0.6074192072565069,
      "std": 0.041621955102116075,
      "n": 932
    }
  },
  "dit": {
    "GLOBAL": {
      "auc": 0.6740671688821571,
      "std": 0.01611735468397886,
      "n": 1275
    },
    "cogvideox-2b": {
      "auc": 0.5935048659245256,
      "std": 0.08632566240472485,
      "n": 343
    },
    "cogvideox-5b": {
      "auc": 0.6025779047998572,
      "std": 0.03168199236511861,
      "n": 932
    }
  }
}