{
  "5": {
    "best_auc": 0.6645056332556333,
    "best_epoch": 43
  },
  "10": {
    "best_auc": 0.6532512626262625,
    "best_epoch": 12
  },
  "15": {
    "best_auc": 0.682983682983683,
    "best_epoch": 20
  },
  "20": {
    "best_auc": 0.6737810800310801,
    "best_epoch": 13
  },
  "25": {
    "best_auc": 0.6759785353535355,
    "best_epoch": 12
  }
}