{
  "10": {
    "best_auc": 0.6991813600793222,
    "best_epoch": 17
  },
  "15": {
    "best_auc": 0.6796011386060806,
    "best_epoch": 6
  },
  "20": {
    "best_auc": 0.6628034002953235,
    "best_epoch": 3
  },
  "25": {
    "best_auc": 0.686089718588889,
    "best_epoch": 6
  }
}